Drink,Observed,Expected
Coffee,111,279.0322580645161
Tea,171,186.02150537634407
Juice,157,186.02150537634407
Water,225,186.02150537634407
Soda,243,186.02150537634407
Milk,281,148.81720430107526
Lemonade,152,148.81720430107526
Iced Tea,142,130.21505376344086
Smoothie,102,130.21505376344086
Energy Drink,146,148.81720430107526
